20469,positive,"RT @wnbooks: Did you know that Syrian refugee children as young as six make shoes in Turkey for ¬£25-35 per month?

@TansyHoskins' urgent ex‚Ä¶"
77610,positive,RT @NYSYLC: ü•∞distribution of emergency funds continues to #immigrant families impacted by #covid19. Just this week our goal is 100 more fam‚Ä¶
38127,positive,"@CMOKerala @PMOIndia 

People in high posts should be careful in talking about migrant workers. There are million +‚Ä¶ https://t.co/YvDanMeohr"
17558,positive,RT @DOJ_EOIR: Effective March 18 all non-detained hearings postponed; these immigration courts closed: ATL Peachtree; Charlotte; HOU Gessne‚Ä¶
21043,positive,"@dianap652 The immigration system ain't broken or oppressive dummy. We are a nation of law and order, and many of y‚Ä¶ https://t.co/waY4k97nGs"
8908,neutral,@MWaranle @sihlelilx55 Get out of my mention somali terrorist. Go collect your refugee ration while thinking about‚Ä¶ https://t.co/s1eZ9kNrcf
71626,neutral,"RT @kontologis: @gmaniatis Mister Maniatis, say you have one spare bedroom in your home, would you host a migrant family in it? Why are you‚Ä¶"
3668,neutral,RT @mal1976retaf: @johngault071 @meaculpau27 @LadyChesapeake @Professing_Prof @hogansgoat2423 @lisakitchens8 @AzDerbyGirl @lonestartxMary @‚Ä¶
15994,neutral,"A video with interviews from the Greek &amp; Turkish side of  border.

part 1

#IStandWithGreece 
#Greece_under_attack https://t.co/gQVwNhm1wk"
7389,neutral,@vonderleyen @EU_Commission Help #Greece #GreeceDefendsEurope #Greece_under_attack by the Muslim hoards
29847,negative,RT @ErikaGuevaraR: Terrible news! 3 unaccompanied migrant children in detention have tested positive for #COVID„Éº19 in the #USA. @realDonald‚Ä¶
24593,neutral,RT @FAIRImmigration: Immigration advocates seeking to use the coronavirus to try to relax enforcement. Any legislative policy changes that‚Ä¶
79092,neutral,RT @ZoeJardiniere: @adangeloUK @donflynnmrn @SueLukes @roxanabarbulesc @LucyMayblin @omaromalleykhan @nandosigona @refugeecouncil @jablonow‚Ä¶
84383,positive,"In May, my debut #novel 'The Asylum Soul' set at the old #Brookwood #Asylum near #Woking will see its fifth anniver‚Ä¶ https://t.co/E2D4VCK8ri"
30602,neutral,"RT @HannahMScott96: Looking for something to read while in #selfisolation? @UNHCRCanada just put out our Spring magazine, which I was honou‚Ä¶"
27734,neutral,RT @charliesmithvcr: . @JennyKwanBC writes: Migrant workers and caregivers must be protected in COVID-19 pandemic https://t.co/yW7uxuQBEY v‚Ä¶
41010,positive,"RT @thenigelj: In some good immigration news, the first Motion to Terminate I‚Äôve ever written was just granted. ü•≥"
22231,neutral,RT @JennRollins1002: Greek Border Guard forces are still targeting #Refugees who have been in the border area between Turkey and Greece for‚Ä¶
7162,neutral,"RT @scroll_in: Voices from Assam‚Äôs detention camps are a reminder of events that led to the Rohingya refugee crisis
https://t.co/dLe8kU5Yxc"
35745,neutral,@Teri_Kanefield Newsflash to Laura Ingraham: this happened a century ago too with the massive wave of immigration f‚Ä¶ https://t.co/OZBHqxi2BB
21273,negative,"The coronavirus pandemic has forced Immigration and Customs Enforcement to change who it targets for arrest, accord‚Ä¶ https://t.co/LuIx0JQxqK"
1697,negative,"Turkish Foreign Minister Mevlut Cavusoglu says the EU-Turkey agreement can be kept in place if: 
- EU delivers on p‚Ä¶ https://t.co/7WtkDdx8So"
2804,positive,"nothing will happen..
immigration fraud is fine. https://t.co/AxBS9SlRcg"
27313,neutral,@Ummukullthumm üòÇüòÇüòÇ this you yoruba na like refugee own
12682,positive,"RT @Haleaziz: NEW: ICE prosecutors joined judges and lawyers in calling for the shutdown of immigration courts across the US, an unpreceden‚Ä¶"
5270,neutral,"RT @emayfarris: I have the following topics left in my immigration class: border and national security, refugee and asylum policy, discreti‚Ä¶"
36804,neutral,RT @KhurafatiChopra: Last call of man who died walking: 'Lene aa sakte ho toh aa jao (Come and get me if you can)'.  https://t.co/FvSQJL9t6F
641,negative,"RT @cynaegeirus: Borders are closed

Zero dead from Greeks

Professor Dumbledore is looking for you, you have class in a minute

#GreeceUnd‚Ä¶"
73045,positive,RT @AlaskanCourtney: This is awesome üòÇ https://t.co/bc7qlgXLU2
73531,neutral,@KhanPason Do you even know that Pakistan hosts 4 million Afghans? We gave them refuge when your country was ongoin‚Ä¶ https://t.co/EeEeOeWFCQ
44314,neutral,"‚ÄòDemented‚Äô: Tucker Carlson Blasts Chad Wolf, Calls On Trump To End Visa Programs That Will Take American Jobs Durin‚Ä¶ https://t.co/jHo60jF44g"
29648,negative,"Um yea, it's going to the ""Americans that make less than $75,000. Immigrants with tax IDs are not legal citizens, t‚Ä¶ https://t.co/iJMthH31I7"
9498,neutral,"Featured Art of the Day: ""Refugee"". Buy it at: https://t.co/kCiCVvqQv3 https://t.co/e4xp9TP4le"
32543,negative,RT @IStateCRs: After discussion in our group. We have decided to join this Resolution. Due to this immigration system we‚Äôre seeing a resurg‚Ä¶
42458,neutral,"@YlvaJohansson If 'child safety' is your priority, what are the Commission's plans for the evacuation of the thousa‚Ä¶ https://t.co/IY2iyLexYr"
10821,positive,"RT @V_of_Europe: *EU to offer economic migrant invaders on Greek islands 2,000 euros to go home
https://t.co/oiQQFoVGHN"
32658,neutral,@akoi_Jam @narendramodi @INCIndia They are migrant workers. They don't vote.
72469,positive,The impact of COVID-19 on employers has become increasingly prevalent as the pandemic has developed. Read our insig‚Ä¶ https://t.co/8AGfajL0vV
71444,positive,"Migrant workers are going to want to book tickets in train. MAKE IT FREE. 

@RailMinIndia"
12246,positive,I have been screaming about this for the past 3 days to no avail. Most cities have banned gatherings of 50-250 peop‚Ä¶ https://t.co/q8vARnesQ9
70477,negative,#UGANDA: WHY #MUSEVENI IS NOT TACKLING URBAN-RURAL IMMIGRATION AMIDST #COVID19: Image may be subject to copyright I‚Ä¶ https://t.co/6hcK11mg4b
17457,negative,"RT @Mahesh10816: That's when I realised how illegal Bangladeshis are creating imbalance and disturbance in the job market, especially in th‚Ä¶"
76815,neutral,@excalibureighty @zarahsultana ever wondered where the push for mass immigration to Europe came from? https://t.co/PbC7KgodH4
5257,neutral,Translated - Exploring culture clashes with refugee and migrant women https://t.co/HBseOR2COL
79137,positive,Most NYC street vendors are excluded from receiving federal stimulus relief due to immigration status - despite the‚Ä¶ https://t.co/pTw76vOZSa
38836,neutral,RT @jtblogs: üöÄ@realDonaldTrumpüá∫üá∏üöÄ@VPüöÄHarvard/Harris Poll: 5-in-6 Americans Want to End Immigration from Mexicoüëäüëäüëähttps://t.co/gvwOHijbsP
4863,neutral,"RT @yunggona: My parents owned a bakery together back home in the 80s, fled to Canada in the 90s and kept baking together in the refugee ca‚Ä¶"
43057,neutral,"@zokersghost @YoElSupremembo @jillocity1952 @Pianomann @Shape_Sh1fter_ @ljk6222 @Timcast Don't know about NY, but l‚Ä¶ https://t.co/iocI0vgTpf"
66349,neutral,"I was admiring @ArvindKejriwal ‚Äòs governance untill Shaheen Bagh,Delhi-Riots,Migrant workers and now Nizamuddin Mar‚Ä¶ https://t.co/0CbvMsxSFT"
9501,negative,"It will be murder if these vulnerable people aren't looked after @vonderleyen #CloseTheCamps
MSF calls for refugee‚Ä¶ https://t.co/tSCSSOVst4"
84596,neutral,@afagerbakke Saudi didn‚Äôt take 1 Syrian refugee but built 60 mosques in Germany.
830,neutral,Judges Were Told to ‚ÄòRemove‚Äô CDC Coronavirus Warning Posters from Immigration Courts #SmartNews  https://t.co/Xtvta6MyZY
38799,neutral,"RT @INCashishsaini: @Simi_Garewal @BhavikaKapoor5 Guess you also need to know facts.

Migrant workers were sprayed Sodium Hypochlorite whic‚Ä¶"
80657,negative,"This is what the native born and bred get ""insults"" from importing that twisted cultural mentality, courtesy of the‚Ä¶ https://t.co/15pbDNtq2M"
34252,neutral,Canada could face legal trouble over refugee deportations: advocates https://t.co/7anVMLVLEE
24643,neutral,"@DannyG93837139 @Jthemannn well, restrict* ""LONDON ‚Äî To a chorus of complaints from employers, Britain said on Wedn‚Ä¶ https://t.co/VD4vY7Dtf3"
27235,positive,"RT @MPaarlberg: Honduras, Guatemala and El Salvador may just be starting to grasp how unsafe ‚Äúsafe third country‚Äù agreements with the US wi‚Ä¶"
67241,neutral,"RT @thenation: Trump is refusing to reopen ACA enrollment in the middle of a pandemic, and it's going to kill people. https://t.co/7oAH3Q6f‚Ä¶"
42537,neutral,The National Disaster Management Authority should urgently coordinate arrangements to transport migrant workers who‚Ä¶ https://t.co/ABHKx45aAK
26864,negative,RT @KasturiGandhi: Can empty universities be converted for the next 21 days to provide food and board for homeless migrant workers stuck in‚Ä¶
75637,positive,"""I pictured it starting in Indonesia, in a refugee camp. Indonesia has been persecuting gay people, and I imagined‚Ä¶ https://t.co/oA2Qbd6dCE"
78731,neutral,"RT @baphometx: Racist asylum-seeker attackers seldom convicted - Between 2015 and 2018, German regional public broadcasters  found, 2,558 i‚Ä¶"
4049,positive,"Lawyer defending Trump policy makes stunning admission
https://t.co/0W1vVTndJa"
72354,positive,"A Prime Minister to a catholic nation.
A son to a Hindu Mumbai migrant.
A doctor.
A partner to a handsome cardiolog‚Ä¶ https://t.co/MWRbUE0PpQ"
81998,neutral,@DilmeraIndia @AUThackeray @KarandeSubodh @CMOMaharashtra @mybmc @OfficeofUT @AmitV_Deshmukh @rajeshtope11‚Ä¶ https://t.co/1C9XRtTz16
20270,positive,RT @lukemarriner244: Been a brilliant evening on my migrant site tonight. Walking round watching the news to find out school is shut and ou‚Ä¶
82867,neutral,"RT @StephenMcGann: Home Secretary! Hello! Now, about those 'low-skilled' jobs you were talking about recently ... paramedic.....carer.... h‚Ä¶"
13710,neutral,"‚ÄúCanada Extends Plan to Boost Immigration by 10,000 a Year‚Äù https://t.co/2z5o4PJ3QZ"
25033,neutral,"RT @RoscoeBDavis1: $10,000,000 for Migrant and Seasonal
Farmworker programs...WTF??

$100,000,000 for ‚Äò‚ÄòJob Corps‚Äô‚Äô,

$15,000,000 for ‚Äò‚ÄòPro‚Ä¶"
7538,neutral,RT @zaharaesque: It is Naomi Shihab Nye's birthday. In her essay 'Remembering Mahmoud Darwish' she recounts an incident about Darwish. Her‚Ä¶
24934,neutral,"RT @Dmess16: Here‚Äôs the democrats caring about the American worker 

$300,000,000 for ‚ÄúMigration and Refugee Assistance‚Äù https://t.co/1U8pV‚Ä¶"
67085,neutral,RT @RiverNileSchool: Appreciate #ATwitterHand with a RT of our above #Donation call out for our #AsylumSeeker #students with no govt suppor‚Ä¶
31708,neutral,"Remember, back in 2017, after Charlottesville, there was a lot of press attention on Franklin because he ""disagreed‚Ä¶ https://t.co/RJkAhlsYxC"
24443,negative,"RT @KentPage: Sham, 8 years of age, lives in the Za'atari refugee camp in #Jordan and reminds everyone to stay inside!

Please RT to be #co‚Ä¶"
21456,neutral,Growing calls to evacuate Greek refugee camps amid virus threat https://t.co/rZf40pNt94 #InternationalTravelNews https://t.co/LVBNQv5agw
82380,neutral,"RT @HasaanUtg: #ModiConvertedIOKtoHell
The Indian government should repeal the amendment and ensure that any future national asylum and ref‚Ä¶"
16534,neutral,"Check out our guide from Dan Berger and @syale to immigration issues on #highered üçé campuses.

https://t.co/DLFzEDntLq"
77636,positive,"@GrimmGS @HailMaryHumble Funny that he is the first to support gay marriage at a federal level

Should be fighting‚Ä¶ https://t.co/pr79qGECLA"
38515,neutral,"‚Äúthat‚Äôs why i moved to a refugee camp ... to learn from people so i could get back to reality.‚Äù
üáµüá∏üáµüá∏üáµüá∏ https://t.co/qJAm9eRfZw"
25141,neutral,"RT @BehzadFatmi: I have a harrowing #Covid19India story to tell. 

I and my wife arrived at 12:30 PM on Saturday, 21st March at Delhi's Ind‚Ä¶"
67946,positive,RT @WarChildHolland: An outbreak of the #coronavirus could spread easily through the overcrowded #refugee camps or settlements. Because of‚Ä¶
23186,neutral,merkel's foolish refugee policies will inevitably stunting my mam and showy lead
2890,neutral,RT @akrokentrwos: It is obvious that Turkey threatens Greece.  Turkish f-16 violate the Greek airspace at Evros  and annoy  the Greek  heli‚Ä¶
32316,positive,"Global Shutdown of All Nonessential Commercial Travel, Business &amp; Movement. Priorities: Free COVID19 testing, free‚Ä¶ https://t.co/BdPgZMHL2T"
20716,positive,"SPECIAL ANALYSIS: #Turkey ‚Äôs use of #syrianrefugees as political pawns was one of the most tragic, heart-rendering‚Ä¶ https://t.co/4DkqpdXp8C"
36310,positive,"RT @ausmazehanat: This was one of my favorite interviews...mainly because the incredible @aboutabeer did so much research, and asked questi‚Ä¶"
16352,neutral,"[OPINION] Stop manipulation of refugees by 
@DavidBondia
  https://t.co/837Uxyo81T #refugeecrisis https://t.co/wHWhKMRuql"
35360,positive,RT @Anaetius: The Turks are bussing in thousands of Islamists to Hellenic borders while televised mullahs urge them to take the free transp‚Ä¶
76180,positive,"RT @ozcrimenews: Australia has 1.2 million temporary worker, visa holders.

""You're very welcome here, however if you cannot support yourse‚Ä¶"
72447,positive,"It's time to get admitted to the #Asylum....
New album from @therealkquick ""Asylum"" out now on all music platforms‚Ä¶ https://t.co/PCgiKonrRK"
8336,negative,at what point do I just become a refugee and stay in canada because my own country is too dangerous and goddamn insane to go back to?
82510,neutral,@maitethia_mbaya This also happens a lot  in South Africa.. People get a visitors visa then wen it expires they go‚Ä¶ https://t.co/T5ikS87DbB
8916,neutral,Imagine the US without Jewish immigration... https://t.co/iMhwzABmES
6382,neutral,you can see former @UCLbasc student Raphael talk about his experience as a Laidlaw Scholar at‚Ä¶ https://t.co/BtJzmMwYJW
20022,positive,"- Suspend all immigration
- Enforce mandatory quarantine for those testing positive
- Suspend mortgages, student lo‚Ä¶ https://t.co/5b8Hn6l37T"
15025,positive,"RT @theblaze: Joe Biden vows 'no deportations' in his first 100 days. And after that, only convicted felons will be removed. https://t.co/b‚Ä¶"
69180,negative,RT @dwnews: Bangladesh is trying to prevent the outbreak of the #coronavirus in Rohingya refugee camps. An outbreak can be dangerous as the‚Ä¶
23173,neutral,"Just started listening to @GeorgeThePoet and this episode opened my ears to the Libyan slave trade, just imagine si‚Ä¶ https://t.co/GjpaEvaMMS"
35326,neutral,"RT @Refugees: We work with our partners and Governments to step up measures for possible outbreaks of #coronavirus - affecting refugees, di‚Ä¶"
81818,positive,@realNaveenM @geddy_vedder @SynarchyKitty @HowieHawkins 5. How many times has Biden apologized for trusting Bush ab‚Ä¶ https://t.co/G5JKon8XHw
68241,positive,"#SaudiArabia provides corona virus treatment free of charge to [citizens, non-citizens, and immigration offenders].‚Ä¶ https://t.co/vI4VYZqZpA"
26986,positive,That virus not as bad as some like to believe media causes panic which leads to fear leads to confusion leads to ch‚Ä¶ https://t.co/ijeJeaDOPB
44978,neutral,@DHS_Wolf does ICE have a plan to keep COVID-19 from spreading amongst detainees? And how does it benefit to keep a‚Ä¶ https://t.co/nwfUTjRiQ1
5386,neutral,"Mirrored in her book ‚ÄúAmerica for Americans,‚Äù Lee highlights America‚Äôs prejudiced immigration history.
By Leigh App‚Ä¶ https://t.co/Sf9TrVHOXF"
75007,negative,"#TurkeyIsATerrorState
#invasion #IllegalAliens
#GreeceUnderAttack 
Turkish ships preparing to smuggle illegal immig‚Ä¶ https://t.co/CvETdy6F5B"
79924,neutral,"mom, anti-Nazi, veteran, and anti-Nazi. I am East and South citizen and refugee."
16731,neutral,@anyikowoko Believe it or not... it starts at immigration as soon as I land in Nairobi or any time I have to call t‚Ä¶ https://t.co/gjHaheFfwG
85584,neutral,"""What Should TPS Recipients Consider Before Heading North To Canada?"" https://t.co/vNrdo7Tjy4 #TPS #asylum #Canada‚Ä¶ https://t.co/uK2nNZAwxR"
35341,neutral,@johanscouse Facts from where? In the years before the Brexit election NOBODY was talking about leaving Europe. Sin‚Ä¶ https://t.co/buowRpwfB5
17744,positive,"RT @UNICEFEducation: Family.
Friends.
Hope.
Refugee &amp; migrant children lose much more than the roof over their heads - and without #educati‚Ä¶"
38680,neutral,RT @SeymaBayram0: Hey üëã a former refugee here who has had to stay in confined spaces for months at a time &amp; rarely left camps over 15 month‚Ä¶
32353,positive,"RT @disolis: NEW: Could immigration courts get more chaotic? 
Coronavirus adds to stress. Fights, riot at Texas detention centers come as c‚Ä¶"
79493,neutral,"RT @sellerjpl2000: Joe Biden;Q?
Platform
Health Plan
Immigration
Trade
Taxes
Border
Growth
1st 100 days
V.P.
Ukraine
Impeachment
CONGRESS
A‚Ä¶"
31440,neutral,RT @rohanrgupta: Congress President Smt. Sonia Gandhiji writes to PM regarding transit of Migrant Workers ! https://t.co/oaVFWtCYwq
38865,positive,Appeal to the High Commissioner for #Refugees and #Human_Rights Communities Against Cancelation of the Health Cover‚Ä¶ https://t.co/dk3Y979c6a
12314,negative,"RT @Greece_ChinaFG: #GreeceUnderAttack 
A vehicle of the turkish police tries to destroy the border-fence when our Army appears. Then they‚Ä¶"
20364,neutral,@MFABhutan notifies re-entry of all foreigners holding valid visa/work permits/other immigration permits travelling‚Ä¶ https://t.co/xMMxNTG2VR
24111,positive,"RT @ETito604: @IlhanMN Wtf do deportations have to do with this?

Lol"
67841,positive,"RT @JCWI_UK: üéâGreat news!üéâ
The UK needs to follow Spain's lead and release all immigration detainees NOW!"
23759,negative,"As we prepare for the worst of #COVID19NIGERIA, response should be as emergent as though we have a refugee situatio‚Ä¶ https://t.co/H3fKnIZ0hr"
41666,positive,We deal in all kind of migration matters. Book an appointment +61-02-86785756 &amp; Get expert guidance from Hope Immig‚Ä¶ https://t.co/ch7BevLo6C
36866,positive,"RT @Jageshw83642789: #Benefits_Of_Satsang
If you want to know how one can attain complete salvation, and how can one achieve God, then one‚Ä¶"
43339,neutral,"RT @mattyrwalsh: Spare a thought for the returning migrant workers of Shan State &amp; Wa Region, Myanmar üá≤üá≤, some of whom will do 14 days in t‚Ä¶"
80885,positive,RT @Maryam_ysfzai: A refugee from Afghanistan of Turkmen ethnicity becoming doctor in Pakistan and  fighting Corona Virus While on the othe‚Ä¶
69216,positive,"The ""Chief Minister's Special Assistance"" issued by the Bihar government to help the migrant Biharis will remove th‚Ä¶ https://t.co/IY3NfIBSKQ"
18128,negative,RT @Bernieadufe: Its a fucked up world when an asylum seeker in his 50s who has been here for 14 years is told to present himself for depor‚Ä¶
7233,positive,"@MvonBadorff @birminghamatlas @Femi_Sorry migrant crises, hard to control the impact with free movement, countries‚Ä¶ https://t.co/abSCBsW7eP"
10067,neutral,@TcatMPS Why do you care?
79422,negative,SNP MP calls for overhaul of ‚Äòbroken‚Äô refugee housing system after evictions ruling https://t.co/MaS89Icbmk
81130,positive,RT @JFCrisp: Excellent for IOM to be acknowledging this.
70836,positive,The number of @ICEgov employees who have tested positive for #COVID19 continues to increase. Immigration attorneys‚Ä¶ https://t.co/66FYIDFyYk
30894,negative,Remote hearings in the immigration tribunal: what could possibly go wrong? https://t.co/DOb9zKOr4b via @NonProfitBlogs
70815,negative,RT @briantopping66: The borders should remain closed for the remainder of the year and we should put a halt on immigration and visas for a‚Ä¶
42322,positive,"... its worth remembering how the Trump administration initially responded to the virus.
¬†
By treating it primarily‚Ä¶ https://t.co/5P7EXkZBpI"
80068,positive,RT @FAIRImmigration: Colorado and Washington both enacted new laws aimed at stopping Immigration and Customs Enforcement (ICE) from arresti‚Ä¶
77044,neutral,RT @ndtv: NDTV - @OxfamIndia #India4All telethon | | Actor and Director Nandita Das  [@nanditadas] on the impact of  #CoronavirusLockdown o‚Ä¶
22333,negative,"RT @europe_rising: ‚ÄúCase for suspending admission of ALL temporary workers, with few exceptions, until the crisis subsides &amp; the economy be‚Ä¶"
32429,neutral,@_Psykedelic I‚Äôll be damn if someone take my Jerusalem refugee 6s
37925,negative,"RT @TOIBareilly: Hundreds of migrant workers, with women and children, were forced to take bath in sodium hypochlorite solution (a disinfec‚Ä¶"
37237,positive,"(2/4) it's nuanced - it is a story about relationships, about immigration, about adoption, identity, about love and‚Ä¶ https://t.co/QQeIv4CCJj"
28534,negative,"RT @UNrefugees: Iraqi-born refugee Sam owns a cleaning business in Perth and, due to some client cancellations, has an oversupply of toilet‚Ä¶"
45976,positive,RT @AStrongerOZ: Labor wants to increase Australia's refugee intake that Australian taxpayers must foot $6B......only god knows where all t‚Ä¶
8618,negative,Turkish Brute Force: Migrants Forced to Cross Greek Border at Gunpoint https://t.co/iAFL27U1zz #Immigration‚Ä¶ https://t.co/xtRtRZy8wz
20405,positive,"RT @openDemocracy: A new exhibition celebrates the work of two dozen women photographers who sought refuge in Britain in the 1930s.

Some o‚Ä¶"
19688,positive,Helpful new resource on Families First Act: Access to Health Care for Immigrants and Their Families - National Immi‚Ä¶ https://t.co/e1PbqS3dFy
85953,neutral,"The current climate *may* make it possible to shift *some* conversations on migration.

But, as I wrote for the Fab‚Ä¶ https://t.co/pTyT1exteg"
37232,neutral,"13 satanic bloodline families

They have fingers in every corner of the globe.

For over 25,000 years, their goal w‚Ä¶ https://t.co/sR3z6udGkh"
83515,neutral,"@bajakevin @BreezyLovinInWV @TitusNation Judging by our current ‚ÄúTrump-lite‚Äù government, if you come by refugee boa‚Ä¶ https://t.co/quprfDjJvG"
16226,negative,"@SCPrice5 @JohnFugelsang If Jesus is here now, he's a tiny little Syrian refugee girl."
37929,positive,"RT @LivingRefArch: If you are aware of any journals, magazines or newsletters that could be digitally preserved and made accessible as part‚Ä¶"
24792,neutral,RT @realTuckFrumper: ‚ÄòI Fear For My Life‚Äô: Detained Families Are Terrified Of Coronavirus https://t.co/CGJEzHEI00
71294,positive,I am Right and South citizen and refugee. Views are my own.
28179,positive,"Happy #IndependenceDay to all #Greek friends!!! üá∑üá∏üá¨üá∑üá∑üá∏üá¨üá∑üá∑üá∏üá¨üá∑
#Serbia #Greece #Ortodox 
#Greece_under_attacŒ∫‚Ä¶ https://t.co/XBnRxx3L4W"
31987,neutral,You would take in illegals and asylum seeker's thou no problem. ü§î https://t.co/dvtpMdEmtv
9829,neutral,"RT @ANI: MHA: All passenger movements through all immigration land check posts at India-Bangladesh, India-Nepal, India-Bhutan, India-Myanma‚Ä¶"
66619,positive,RT @ColinYeo1: Has also happened in Portugal. This is surely the right thing to do in the UK as well. In UK law it is unlawful to detain so‚Ä¶
4360,neutral,"RT @Ytttttyytty: @WeVoteJoe @jaketapper @JoeBiden Why do you want to ruin our future? Joe has no climate, affordable college and healthcare‚Ä¶"
19295,neutral,@IngrahamAngle You know that scene in the movie Noah with Russell Crowe when the horde is trying to get on the ark‚Ä¶ https://t.co/tEA1CN9PEM
25244,positive,At least may pa love letter ang canadian and nz immigration for the delay sa release ng visa
81732,neutral,"RT @TheBengwin: @RCgothic @CaramelTango @TheAndyMaturin I'd of never made it into this country on a points based immigration system.

Now..‚Ä¶"
69282,neutral,@JamiesonV @Dantey114Mo @PenguinClass @penguinkids @RodeenLiterary I was very moved by this book. Can't help but wo‚Ä¶ https://t.co/6bwXeEZKEI
21108,neutral,"What else does he have to say, for you to understand?

#IStandWithGreece
#Greece_under_attack https://t.co/EzXSCNNLAG"
86002,neutral,Upon instruction of #AP_IRCS Today Hyderabad IRCS Volunteers rescued 30 migrant from  struck in Boduppal gave them‚Ä¶ https://t.co/llXbo1917K
65766,neutral,"The court cannot force the government to listen to all the ideas,state governments have already taken over building‚Ä¶ https://t.co/oNrrU96wUC"
13423,positive,My latest article on the coronavirus virus in the Middle East. Gulf states have some of the better healthcare syste‚Ä¶ https://t.co/aVCMcg7mwT
3389,neutral,"RT @oulosP: 1) On February 28, 2020, an article published in the NYT titled ""Turkey Pressing OP for Assistance to Syria Threatens to Open B‚Ä¶"
18798,neutral,"Erdogan in talks with European leaders over refugee cash for #Turkey via @guardiannews

In 2016 the EU pledged ‚Ç¨6bn‚Ä¶ https://t.co/3Hrjgj8Krp"
74221,positive,RT @rantsnbants: From the ‚Äúwe want our country back‚Äù rhetoric to praising migrant workers in the #NHS ü§£ life comes at you fast!
42390,neutral,"RT @aclukansas: Last week, the Wyandotte County DA declared no one would be arrested or detained while seeking medical help or being outsid‚Ä¶"
3400,negative,"#Asylum ?
What is asylum?
You mean the asylum that gives a person $3800 a month?
This is 
#OutOfcontrol
Not right i‚Ä¶ https://t.co/qtxShY7gm7"
2542,negative,RT @ReichlinMelnick: A tense moment right now between @RepDWStweets about ICE's role in embedding some deportation officers in Office of Re‚Ä¶
76247,negative,".@selenagomez speaks exclusively to @VogueArabia about immigration, her family‚Äôs past crossing the border from Mexi‚Ä¶ https://t.co/ep71jvubIy"
40074,neutral,@Sanjay_Dixit 12. Immigration department is sharing the Passenger details of such Tabligh Jamat foreigners with Sta‚Ä¶ https://t.co/uYRCKSOBUK
39686,neutral,RT @JackofDorset: @SocialM85897394 All of them and when he says London is open for business he means mass immigration in return for votes
25977,positive,"RT @WeAreUnidosUS: ""That day, I embraced being unapologetic about my lived experience. I became the first low-income Latino Representative‚Ä¶"
85944,positive,RT @Hastings_Buddy: We have updated our statement on arrivals of refugees in Hastings due to new developments yesterday.  You can read it o‚Ä¶
34691,neutral,"Joe Durant &amp; family donated #PPE in honor of father/grandfather, Dr. Thomas Durant, humanitarian, physician, former‚Ä¶ https://t.co/2kOfu8FOr2"
36501,neutral,"RUH  ROH!  The MSM is LYING to US ‚Ä¶ AGAIN ???

@POTUSPress  https://t.co/cLHPVoR8Kd  #IStandWithItaly‚Ä¶ https://t.co/IZhhmXaO4R"
67368,neutral,"RT @MeckeringBoy: Morrison says everyone‚Äôs essential.
Historically:
You‚Äôre a *burden* if you‚Äôre: an asylum seeker, unemployed, unionist, ag‚Ä¶"
1058,neutral,RT @Akalogian: @nytimes This is the actual place of the aerial photo that you published!!! The content of this article is #FakeNews #FakeNe‚Ä¶
9836,neutral,"Immediate evacuation of #migrant camps in #Greece needed to contain #coronavirus , says MSF (via ‚Å¶@euronews‚Å© )  https://t.co/llfudHkmCp"
25027,positive,RT @MagellanMusic: Today in 1973 the Immigration Dept ordered John Lennon to leave the U.S. within 60 days. A legal battle ensued that woul‚Ä¶
24112,neutral,@MoleDelta @jessphillips @patel4witham They're not in prison. They're in an immigration detention centre. If you do‚Ä¶ https://t.co/BWvqJcY1sk
79205,positive,RT @UNHCRCanberra: #Coronavirus doesn't care who you are. That's why it's more important than ever to make sure we include refugees and the‚Ä¶
4642,negative,RT @Chutintorn_Sam: Visa for all foreigners currently in India are valid and they may even seek extension. - Bureau of Immigration https://‚Ä¶
14389,neutral,With everyone finding Wheatears today I thought I would give my migrant site a go. No luck with Wheatear but I had‚Ä¶ https://t.co/L1S09Z8IiW
15065,neutral,"4 global problems that have been overshadowed by the #coronaviruscrisis 
1. Locust outbreak and food insecurity ris‚Ä¶ https://t.co/zZGn9mjHFC"
29064,negative,Home Office must change its restrictive rules &amp; allow marginalised groups to access desperately needed support -‚Ä¶ https://t.co/uAxlIQnCUB
36140,negative,Ex-CIA Analyst Exposes CNN&amp;#8217;s Anti-Trump &amp;#8216;Fact Check&amp;#8217; as Literal Fake News = #CNN_IS_CIA‚Ä¶ https://t.co/gY0aRf6gtl
21198,positive,"RT @A_CAA: So pleased that @Vision_Fdn  will be supporting our 'Promoting eye health and care to migrant, refugee and isolated BME women an‚Ä¶"
10316,positive,"@GeraldoRivera 
VERIFIED on SOCIAL MEDIA
1. China lies about its data on Coronavirus to prop up its regime
2. China‚Ä¶ https://t.co/H4Dezl31Gt"
16647,neutral,"RT @RESCUEorg: Tecle Gebremicheal, a refugee from Ethiopia, and his friend Ryan Peck. Despite running for the same city council seat in Boi‚Ä¶"
20384,positive,"So far, local governments across China have helped 9138 key manufacturers recruit 370,000 workers, and arranged cha‚Ä¶ https://t.co/udb6iaT9o6"
24312,positive,Many people in the refugee camp are also thought to be infected by this way.
41268,neutral,$350 million to the State Department for ‚Äúmigration and Refugee Assistance.‚Äù This funding would help minimize the v‚Ä¶ https://t.co/CCwh7OzmCh
71366,neutral,"RT @BeachMilk: In an admission the French government has LOST CONTROL of their country, French officials say that they won‚Äôt enforce Chines‚Ä¶"
78262,positive,@Triplejay58 I wouldn't quite word things in that way Jenny but I agree with you. An innocent refugee escaping wars‚Ä¶ https://t.co/HZOyR4ID6b
18427,positive,RT @BaskingSnark: I'm much more at risk from all my snowbird neighbours returning from Florida than I am from an asylum seeker. https://t.c‚Ä¶
74102,neutral,"@RichardBarrow My job ended, had to go to OneStopBkk to get WP &amp; N-Imm B visa cancelled officially; OS told me to g‚Ä¶ https://t.co/O7oi5VPvsj"
7168,neutral,"RT @amdowdican: Dutch &amp;Slovenians join the Poles ,Italians, Austrians &amp; Hungarians 2help defend #Greekborder .Would we need this against re‚Ä¶"
85138,neutral,RT @TXShamrock665: How can these Bros call themselves #Resisters &amp; then vow not to vote? Do they not understand what‚Äôs at stake? Supreme Co‚Ä¶
25182,neutral,@EvanLSolomon If Trudeau has tabled that despicable legislation it would have been the darkest day in Canadian parl‚Ä¶ https://t.co/k1uwsRTud7
76047,negative,"RT @Sootradhar: BJP supporters cooking extra meals at their own home for senior citizens, migrant workers and poor being told cant deliver‚Ä¶"
66574,positive,The ‚ÄúBernie votes against immigration‚Äù coming from the whites is so funny to me. Y‚Äôall know damn well Bernie voted‚Ä¶ https://t.co/CrOTQcOvdl
18620,positive,"RT @Ouinston: After his crushing diplomatic defeat, @RTErdogan found a convenient excuse in the coronavirus pandemic to pull back his refug‚Ä¶"
66808,positive,"RT @worldvisioncan: ""You cannot #socialdistance from people in a place like this, where there are so many people in such a small, densely p‚Ä¶"
45020,positive,Why couldn't the movement of migrant labour have been better planned with stronger coordination between center &amp; st‚Ä¶ https://t.co/4Omw5zC8bR
32116,neutral,"Greek Army, Frontex and Police defend #Europe. 
Doctors and Nurses fight against #COVID„Éº19 
The only thing we can d‚Ä¶ https://t.co/uuF05vh9vG"
74092,neutral,RT @The_NewArab: In-depth - 'Internet ban spreads #coronavirus fears faster than infection at #Rohingya refugee camps' https://t.co/Gvv0dgF‚Ä¶
41109,neutral,"RT @JeffGammage: BREAKING: Maddie, the 7-year-old Guatemalan girl held in family immigration detention longer than any other child, has bee‚Ä¶"
745,negative,RT @G_Karayannis: there will be peace when they love their children more than they hate us #IStandWithGreece #TurkeyIsATerrorState https://‚Ä¶
79150,neutral,"Germany, Luxembourg to take in migrant children from Greece (from @AP) https://t.co/zydpbbRYYi"
33572,positive,@GeoEdResearch Add to that that we were in mid.  acad. integrity crisis: cheating ramping up so fast at our school‚Ä¶ https://t.co/pGvyLXvVmx
73821,neutral,"RT @t_d_h_nair: The Chief Justice of India is asking when the govt is providing food to the migrant labourers, why do they need money?

Are‚Ä¶"
38559,positive,"The SHAME of Europe. You are responsible @vonderleyen
Migration: tales of brutality along Europe‚Äôs borders‚Ä¶ https://t.co/3T8OI4TKaK"
75965,neutral,"RT @chintamani36: While lots of attention has been given to loss of manufacturing industries, agriculture, migrant workers, contractual lab‚Ä¶"
22277,negative,"RT @DyfrigWilliams: With cycling getting banned in Spain and much less interaction with colleagues, I've been slightly concerned about how‚Ä¶"
13670,negative,"RT @JoeEEnglish: I can't stop thinking about this:

'No Soap, Little Water, and No Way Out: Refugee Camps Brace for Coronavirus'

Such an i‚Ä¶"
20503,negative,"Whites and blacks in Western countries are hysterical madman groups that claim to be ""unfair.""
Infectious diseases‚Ä¶ https://t.co/jBJdxi1doP"
83917,neutral,"RT @dragonian3333: @montaga @BibleBeltDarlin @realDonaldTrump Some of Dems ""solutions "" for #ChineseCoronaVirus

$300,000,000 for Migrant (‚Ä¶"
30875,positive,"RT @OIMItalia: IOM Informing Migrant Communities in Italy on Protection from #COVID19

Leaflet available in 26 languages

 https://t.co/COP‚Ä¶"
10755,positive,#Turkey  Great Wolf facist sign #GreekBorders #IStandWithGreece  #HoldTheLine #Greece  https://t.co/P6x6p5cTnm
38330,positive,"RT @DannyShawBBC: In England &amp; Wales, up to 50 pregnant prisoners are set to be released early, as @RobertBuckland signalled last week. Oth‚Ä¶"
43392,positive,RT @lopez_wd: Excited to talk with @MichaelGKagan and @shobawadhia tomorrow at 5pm est about their excellent and engaging books on immigrat‚Ä¶
29232,neutral,"RT @mjs_DC: Trump's Justice Department is reopening immigration in courts in two epicenters of the COVID-19 outbreak. 

This move puts immi‚Ä¶"
84505,neutral,@LanceForman Why should we believe it now? What has changed? Patel is thanking everyone but is sticking by her immigration parameters.
9214,positive,"In our brand new #Worldin30Minutes episode, Host @markhleonard is joined by @carlbildt, @asliaydintasbas and‚Ä¶ https://t.co/QHzhn9UvWX"
29074,neutral,College Republicans Release Emergency Resolution Calling for ‚ÄòImmediate and Indefinite Immigration Moratorium‚Äô Amid‚Ä¶ https://t.co/pkCTrkMrHg
24800,negative,"RT @DLPublicLaw: Our @maria_thomas80 for @LegalActionGrp on the #Jamaica50 &amp; the unnecessary, unjustifiable brutality of charter flight dep‚Ä¶"
40012,neutral,"RT @RefugeesRwanda: In #Rwanda, #UNHCR is taking different measures toward prevention, preparedness and response to #COVID19. 

""We are rei‚Ä¶"
68030,neutral,@richcurren @plasticvelvet1 @zcbel31 @Millerheighife @mtracey white supremacist country that has influx of non whit‚Ä¶ https://t.co/9JdRyENPYK
79236,neutral,"The conditions facing #asylum seeking women, girls, and unaccompanied children in #Greece heighten risk of:
‚ùå Sexua‚Ä¶ https://t.co/hZK2qlnNmn"
82746,positive,"RT @wendyphd: If you're trying to cover the #COVID19 pandemic in classes, particularly in terms of inequality, sexism, racism, xenophobia,‚Ä¶"
79853,neutral,Europe takes in refugee minors from Greece https://t.co/LOpNIcTgUG https://t.co/UiWcGWXc0z
2022,positive,@Deoliver47 @SteveCordero I think it‚Äôs mostly because of the immigration issue. They will come around. It‚Äôs those f‚Ä¶ https://t.co/BKCyOmXHQ4
5924,neutral,"RT @trtworld: Citing Biblical references amid the refugee crisis, far-right groups in Greece establish patrols wearing paramilitary uniform‚Ä¶"
27832,negative,RT @KarenLynnBNB: @johncardillo @senatemajldr @SenateGOP @SenateDems @SpeakerPelosi I am disgusted with this bill! WTH Refugee Assistance?‚Ä¶
4162,neutral,"RT @eriiiic: I am pro European. I‚Äôd love having an European federal state. 
BUT Europe is doing everything wrong. On this, on immigration a‚Ä¶"
30004,negative,"RT @DonCorvair: @dbongino Yeah, and the economy will go the opposite direction.
Along with unemployment, illegal immigration..."
83084,neutral,"‚ÄúIf the virus gets into the camps, it would have a catastrophic effect.‚Äù

Filmmaker Mohammed Arafat has been making‚Ä¶ https://t.co/bwVaVJpbRn"
33191,neutral,"#illegals are not #immigrants
End all #entitlements/#benefits to #illegals
No #catchandrelease
No #SanctuaryCities‚Ä¶ https://t.co/xkkDnbk4nh"
11620,neutral,@Dennis79502422 @CNN What are you talking about? Have you seen the photos of all of the people waiting at immigrati‚Ä¶ https://t.co/syKNvmlnrW
26892,neutral,And a woman who sponsored a refugee family found her kindness repaid as they brought bags of food to her porch as s‚Ä¶ https://t.co/Uwst2DSdm1
68352,neutral,RT @theowpeace: European Union (EU) Rules Member States In Violation Of Refugee Quotas https://t.co/B6SIjV60ia https://t.co/uSLMES9Fxv
352,neutral,"Executive Office for Immigration Review (EOIR)
@realDonaldTrump 
#COVID19 #purposefulnegligence https://t.co/qdSKTs6Gqr"
65988,positive,@richardjcoker this is def too much admin for during a pandemic ! but can i confirm that medical care for foreigner‚Ä¶ https://t.co/cnCoy7qSQo
25561,negative,RT @drzarni: #Myanmar with 50 million people plus hundreds of thousands of migrant #chinese &amp; foreign residents  under #AungSanSuuKyi's hea‚Ä¶
33885,positive,"RT @FAIRImmigration: Hey Alaska, ever wonder how immigration might be changing your state? Read the latest research below:"
39285,neutral,@BackForAllOfIt1 @QDecoder @psfnyc5 @laylow88861429 @TrumpSugar @PersevereEver @DigiVorr @mentalfloss15 @calijeff1‚Ä¶ https://t.co/m2XMbeqv4j
22508,neutral,"@aafreen_tariq lemme guess, 

you are a TikTok migrant.üòÇüòÇ"
39279,positive,"RT @PREETMEHTA1313: #Who_Is_RealGod

If you want to know how one can attain complete salvation, and how can one achieve God, then one will‚Ä¶"
84301,positive,@M0Lo @Hessian_Mohd You have immigrants because they do your jobs LOL also I didn‚Äôt deny you need to fix your immig‚Ä¶ https://t.co/yp13UBp8a0
16659,positive,"Select ""Stand in the Gap Minute"" videos are airing regularly on Pure Flix, along with ""Stand in the Gap TV.""  More‚Ä¶ https://t.co/ODm7AjSLQi"
67028,negative,"@capntransit Sadly, I've been talking to UK migrant friends in Spain who don't have any concept that the trip to th‚Ä¶ https://t.co/yN4ghpgLG2"
36121,positive,"First Covid-19 death reported at Lesvos üò¢
How the flying F does one self-isolate in overcrowded camps??!!! 
We need‚Ä¶ https://t.co/hVOy4HLNAL"
39095,positive,Women SHOULD NOT have to endure sexual assault in war zones..their children SHOULD NOT have to witness these horrif‚Ä¶ https://t.co/QSUtt7dg0G
41096,negative,"@Distinct_Words @realmjs92 @FreckledLiberty @ScottJ794 A few days ago it was *millions*. Now it's *100,000*. 

What‚Ä¶ https://t.co/BUBAmoZjBQ"
39132,neutral,"United States Suspends Visa Services Abroad, Cancels ESTA Entry Authorizations For European Visitors... https://t.co/BQWIHYgkyF"
28097,positive,"In times of crisis, Americans have come together to keep our country safe. We, as young American patriots, have uni‚Ä¶ https://t.co/nc4ghJssIW"
23300,neutral,Want to travel to Belgium? Did you know it's the second hardest places to visit in Europe because of the visa requi‚Ä¶ https://t.co/laeGYe67oQ
71872,positive,They want us mixed guys to step up then change ya view on your natural counterpart which is us it's that simple y'a‚Ä¶ https://t.co/yZi9qRUIoG
9630,neutral,Abolish detention now! #AMJoy #coronapocalypse  https://t.co/yGvDVbMRRY
24691,positive,Is social distancing a luxury that the world's refugees can't afford? https://t.co/CM6cMetmql
67506,negative,Survey: Immigrant and Refugee-serving Sector Experience With Your Shift to Remote/Digital Work ‚Äì Pathways to Prospe‚Ä¶ https://t.co/dT84ihkDle
81595,negative,RT @akdwaaz: @Marc__Me They are under danger. They will face backlash. It was not too long ago when rape of a minor led to anti migrant hat‚Ä¶
15771,neutral,"Pictures of sterilizing the streets of the Al-shatea refugee camp , west of Gaza City . 
#Corona https://t.co/GpNdbrLKhq"
82688,neutral,"RT @ITsilverspoon: ADDEYBB - Winner!!!

#refugeecrisis
#charity

I was even asked for a tip on the Militia Intelligence report, the last sh‚Ä¶"
7964,neutral,"Sens. Warren, Markey question Trump admin on removal of coronavirus posters from immigration courts https://t.co/HS2qTi07bF"
3394,neutral,Rohingya Refugee Fund For Orphans (10) https://t.co/DBLI19hkh2
31145,positive,"RT @MIRACoalition: Much of the country is on hold due to #COVID19. So should all #immigration matters, without penalty, without worries. ht‚Ä¶"
3226,positive,"BREAKING NEWS *Live*
Nancy Pelosi and Chuck Schumer demand President Trump open all borders and immediately stop hi‚Ä¶ https://t.co/hTJ2YcKbkl"
28771,neutral,"Coronavirus: ‚ÄòWhy has Modi done this?‚Äô Rajasthan workers walk back home from Gujarat
WhileYounger daily-wage earner‚Ä¶ https://t.co/1LRzRxeKQO"
65879,positive,"RT @HelpingHandsTwt: | Campaign Lukma: Update 8 |
While Delhi Govt has started giving wheat &amp; rice as part of ration, there are many who do‚Ä¶"
84793,positive,"RT @MikeArmiger: @BorisJohnson Glad you're better.

Here's ways you can express your gratitude:
- give us adequate PPE
- Test and trace pro‚Ä¶"
66374,positive,We then dive into a discussion of the concept of mobility from a cultural studies perspective with Dr. Marian Aguia‚Ä¶ https://t.co/biuhNJya8n
33047,positive,Asylum seekers have so much to contribute to this crisis #lifttheban #COVID19 https://t.co/eeG17aAK1u
68454,positive,"RT @ACLUVA: During the #COVID„Éº19 pandemic, everyone should be able to drive legally to access healthcare and essential services without hav‚Ä¶"
80537,positive,"Yesterday the UK government decided to publish its guidance for the new points-based immigration system. 

There is‚Ä¶ https://t.co/9lp9H0ikSG"
70535,neutral,RT @SamTLevin: A detainee from El Salvador told me he was trying to get deported and was helping an asylum seeker do the same: ‚ÄúPeople are‚Ä¶
33111,negative,RT @SBCFoundation: This eye-opening article by @TIME outlines the troubles that refugees are facing due to the current Covid-19 outbreak an‚Ä¶
331,neutral,"RT @costantino_21: M. Kostidis reporting from the #turkish side of the #borders w #Greece, asking some #migrants about their plans. They wi‚Ä¶"
6589,negative,"RT @grtrustme: Ozman Azizi, an Afghan soldier, is one of the poor ""mothers and babies"" attacking our #EuropeUnderAttack borders.
#IStandWit‚Ä¶"
84248,neutral,"RT @qarisohaibrjd: Respected CM @mlkhattar ji &amp; @cmohry, 20+ migrant labourers from Bihar are stranded in Chandar Sagar Timber factory, Mai‚Ä¶"
3375,neutral,"@O_Moutsos Fighting age PoS male, too cowardly to fight for his own country and people, abandons his mother and gra‚Ä¶ https://t.co/c0L6gkqhKY"
22240,neutral,"""Will countries treat refugees and asylum seekers who have COVID-19? 

The UN's refugee agency is asking for help. https://t.co/Chzbmn52fo"""
13414,positive,"RT @lionheartleojai: Anyone who proudly displays a replica asylum seeker boat on his desk with a caption ""I stopped these"" is morally sick.‚Ä¶"
75731,neutral,Post lockdown people would realise the collateral damage and the untold miseries caused by lockdown. The daily wage‚Ä¶ https://t.co/14q2bhpTRg
4342,neutral,'disposable' (12/March/20) posTBLoggery... #coronavirus #health #UK #NHS #politics #immigration #death #anxiety #flu https://t.co/QmqM0Lr9Sk
7669,positive,"The sexual abuse of people in immigration detention, particularly for those who identify as LGBTQ, is unconscionabl‚Ä¶ https://t.co/6tiwN9kmf5"
81364,neutral,"@dkbghana @MickieFlex But the milk sef put am in context oo, people dey refugee camps who are will kill for milk. She no lie momm"
40716,positive,Social distancing a fantasy in refugee camps https://t.co/p455nnmyw5
83729,negative,"@LaaalVIRUS @AzizJama555 @ImranKhanPTI These afghanis killed all the Kalashas, Hindus and Sikhs and this asylum see‚Ä¶ https://t.co/rivTbUSL83"
78340,positive,RT @StevePersonally: This is one of the true costs of uncontrolled immigration for Greece. The olive trees are likely to have been hundreds‚Ä¶
77393,negative,"Dirty Money - S2.
Ep1 - On 'Wells Fargo' bank, how they cheated the US poor/migrant customers and terminated their‚Ä¶ https://t.co/O2162Q4AoD"
4998,neutral,"@akrokentrwos We stand with you, Greece and Austria. Not the German government, but the core of the German people.‚Ä¶ https://t.co/kMUZA745qB"
66910,positive,@janephilpott The number of ppl infected related to Roxham rd could cause civil unrest/riots. The true numbers coul‚Ä¶ https://t.co/seHDcAHNsL
33541,positive,RT @RichardBarrow: I respectfully ask @MFAThai to use their influence to ask the Immigration Bureau to either offer an automatic two month‚Ä¶
34125,negative,RT @Shark_1218: @john_wayne_gr Hmm. Recon to get info before they attack? Use illegal immigrant again? ü§î Seems like they are planning their‚Ä¶
19689,positive,"RT @manatweets: ‚òë More Mexican migrants crossing U.S. border amid closure fears, shelters say #BreakingNews #Reuters ‚û° https://t.co/hZNNe6M‚Ä¶"
18273,positive,"RT @PrisonPlanet: Sweden: ""The right to asylum is not affected by the decision (to close the border).""

Not even a deadly global pandemic c‚Ä¶"
